"","Gender","Age","Education_lev","fluidIQ","freq_calls","freq_Tools","freq_Finance","freq_Games","freq_Entertainment","freq_Productivity","freq_Personalization","freq_News...Magazines","freq_Unknown","freq_Photography","freq_Shopping","freq_Communication","freq_Books...Reference","freq_Travel...Local","freq_Music...Audio","freq_Medical","freq_Education","freq_Business","freq_Lifestyle","freq_Transportation","freq_Weather","freq_Sports","freq_Browser","freq_Health...Fitness","freq_Media...Video","freq_Social","freq_Comics","dur_calls","dur_Tools","dur_Finance","dur_Games","dur_Entertainment","dur_Productivity","dur_Personalization","dur_News...Magazines","dur_Unknown","dur_Photography","dur_Shopping","dur_Communication","dur_Books...Reference","dur_Travel...Local","dur_Music...Audio","dur_Medical","dur_Education","dur_Business","dur_Lifestyle","dur_Transportation","dur_Weather","dur_Sports","dur_Browser","dur_Health...Fitness","dur_Media...Video","dur_Social","dur_Comics","Emotional Stability"
"1","1","23","4","0.7251","120","414","0","40","51","553","0","8","31","260","52","1930","3","128","113","0","11","1","7","153","0","184","231","176","1","8","0","80.5083333333333","19.9892340944657","0","474.149741372312","66.142811933548","27.2998067102042","0","63.4829475551376","5.59486564300966","22.3064563117097","62.5418080515106","60.222363394913","102","66.6407796724289","19.2733669729923","0","35.3160759205747","4","60.6666666666667","55.4690272668068","0","124.447371127306","72.5028561014452","125.382996506158","140","0","0","0"
"2","1","21","4","0.9921","98","239","3","0","21","88","0","4","42","113","23","3430","5","19","4","0","0","7","0","34","0","0","187","0","1","211","0","176.214285714286","21.2012359486119","77","0","292.695366429791","29.8236456900874","0","0","2.14906617752123","16.7531465663771","90.8043796172504","42.1974109258036","52","53.7029469167557","0","0","0","24.2857142857143","0","74.5876449114748","0","0","95.8291103807464","0","0","82.5819537340634","0","1"
"3","2","22","5","0.5541","226","135","0","347","6","75","0","9","6","40","19","1068","12","20","2","0","69","3","0","47","0","0","101","0","0","277","0","84.9026548672566","27.019118684255","0","178.964202013156","0","32.3128655790665","0","95.7003341134764","5.06264699216205","38.5773615906811","39.3891527673469","25.3616921751968","35.6600604240646","149.456140917324","20","0","239.753780984539","3.66666666666667","0","65.9774540339823","0","0","86.0990517091466","0","0","78.2534317727397","0","0"
"4","2","34","5","0.7387","89","157","0","0","41","75","2","4","3625","102","0","3140","256","108","21","0","0","9","0","3","108","0","263","53","4","118","0","35.314606741573","20.6777230458759","0","0","84.173028012243","31.0695222914638","99","0","3.22702883248218","17.0306550495473","0","41.0594892030881","30.1932845779783","42.8579079188179","15.2534273975307","0","0","11.4057421422229","0","2","28.1805822733926","0","50.1463093189931","37.6000676934134","0","63.630655315567","0","0"
"5","2","23","4","0.9785","244","140","0","164","20","140","1","0","3284","266","0","2153","14","141","13","0","0","0","0","6","72","0","363","0","10","15","0","98.1639344262295","8.812731665612","0","43.5009112780573","3.62145467770003","14.4098249265464","6","0","2.50226507577142","11.1327981555196","0","26.9685648140698","67.7126884469082","48.2232065847211","2.24500587278336","0","0","0","0","77.3333333333333","3.81267137489482","0","30.3355292959117","0","9","16.4000087402133","0","1"
"6","1","25","5","0.2092","244","44","0","3","4","29","0","4","8","5","0","716","2","23","27","0","0","1","0","0","3","0","166","2","0","2","0","149.479508196721","12.0096845895745","0","563","0","16.8127887689894","0","0","5.07944602096306","87.7952461248235","0","18.3784262647318","0","28.4038397064787","9.30728608234829","0","0","30","0","0","36.0399554515365","0","138.688685030709","157","0","0","0","1"
"7","1","23","5","0.4192","47","459","0","9","135","447","0","10","33","134","0","1433","24","84","12","0","37","51","0","53","29","0","104","14","28","308","0","684.212765957447","10.1400735393802","0","19.1680383364666","19.1908800322813","14.4095780649531","0","6.39200899964278","3.81880330481411","13.7529789317568","0","21.9413845296121","3.32667374033034","17.3100390433564","3.995560297824","0","20.6250246387828","5.43556538872095","0","20.7697559420831","2","0","33.798317946581","18.4733554765786","20.486991036524","22.6935960401098","0","0"
"8","2","18","4","0.5361","368","926","0","121","508","202","0","7","34","443","3","6019","12","192","183","45","28","23","1","0","60","0","624","47","27","1344","0","31.7771739130435","16.143544792428","0","183.087772629211","182.977180937872","12.0914826908703","0","8.25","2","23.7571529656389","0","29.5321163640151","10.9900149004687","37.4433604553719","21.0638291362531","2","50.8815852443216","23.9500561232861","0","0","3.66783262497298","0","38.1785204039899","25.6395358270251","43.182416750976","48.548518692846","0","0"
"9","2","20","4","0.2676","129","493","84","2","94","228","20","24","240","635","1","4575","25","33","27","0","2","39","4","21","13","0","1494","0","39","365","0","0","6.18271775583321","36.319479203579","207","77.8234719714002","18.9057231107786","1.2094734937375","2","3.09165595600188","20.4981831624221","6","33.9561196403494","29.7140285102452","61.9467731610957","8.08762803257072","0","0","46.1177188170591","0","57.8","2","0","59.6718028962428","0","17.5896970275401","65.2070587788967","0","0"
"10","2","21","4","0.259","37","204","0","387","23","269","0","84","19","126","91","2086","17","21","15","75","0","11","7","316","2","0","446","6","14","95","0","241.864864864865","9.99111587506931","0","366.901522057561","18.606738365984","15.4426346082479","0","79.5748096835594","3.50775107499878","24.2610844834142","115.493502085547","37.6031512910379","47.0400499456983","33.5714285714286","71.1818181818182","7.46180913705292","0","20.455052811614","28.9350723912532","50.7616606810347","0","0","53.7227155325518","65.8651553249096","12.0911341441243","34.7651563224408","0","1"
"11","2","24","5","0.346","288","87","0","0","23","88","0","70","5","97","22","2292","23","107","43","0","0","0","343","0","63","0","430","99","25","10","0","113.645833333333","23.7113071773655","0","0","54.2307692307692","20.5662756431128","0","33.0704422657208","3.64942230362525","26.3641371266071","131.406948624694","27.5261603954931","22.2200363189877","34.5191150410589","33.2580026059548","0","0","0","53.7199541070872","0","16.2570554203802","0","85.9226798422261","71.893270864234","129.8","24","0","0"
"12","1","20","4","1.1349","51","1505","0","100","2","142","0","90","15","52","5","841","2","17","72","0","14","5","0","18","0","23","202","0","0","0","0","17.8235294117647","7.94622141358122","0","92.2190846788309","0","28.3540473161196","0","101.172384721422","5.35429027888988","25.9087084492136","146","94.208915909805","0","82.1262807616942","7.11001408739291","0","108.335198307507","12.9700334113476","0","70.5000054641956","0","75.3421299030563","91.6184945452636","0","0","0","0","1"
"13","2","27","2","0.6785","178","373","0","0","26","68","0","6","30","196","0","2255","19","12","8","0","0","14","122","0","0","0","25","0","143","460","0","459.050561797753","27.9421592546769","0","0","140.423646194972","34.1730387197043","0","0","2.63672074340233","23.2724397629612","0","30.0203827827785","20.6243050843891","32","33","0","0","44.4200828473656","48.8579765283308","0","0","0","98.0583447282813","0","40.1778427416209","107.390911893298","0","0"
"14","2","26","5","0.9162","332","193","0","9","23","170","0","85","3","11","0","1183","9","14","13","0","0","0","0","25","8","7","38","0","2","85","0","60.2590361445783","9.14549230823741","0","477","73.2307692307692","22.0631690962401","0","26.5739807395868","5.27443512585247","52.0001205590941","0","20.2745930348961","24.25","83.3921796925869","6","0","0","0","0","32.4095470973866","46.6666666666667","38.3333333333333","64.1808165080956","0","0","25.0691793458637","0","1"
"15","2","25","5","0.6056","154","132","0","0","15","73","0","0","9","58","0","1262","0","20","2","0","7","0","0","0","0","0","71","0","0","10","0","0","35.2908709849005","0","0","76.4600483534691","24.3822143053027","0","0","14.1815499156324","40.8556365883303","0","48.9017588036364","0","106.716715896117","0","0","59.132071853045","0","0","0","0","0","152.161148566622","0","0","43.8801259395904","0","1"
"16","2","19","4","0.9034","253","300","0","0","19","55","0","22","14","227","0","2083","13","24","7","0","0","12","0","48","6","0","99","0","13","275","0","0","24.8040303298478","0","0","51.3333512290304","42.2652856305068","0","18.6782383215886","2.79890049757914","26.2256611801482","0","27.1234447844178","74.0712811967002","77.7009514120652","0","0","0","23.8333333333333","0","70.9358618190463","2","0","70.2800867729311","0","36.8571428571429","100.382506212334","0","0"
"17","2","20","4","0.9763","134","111","7","0","19","374","0","11","25","93","16","1326","69","73","37","0","0","10","4","56","0","0","311","52","4","736","0","35.865671641791","26.81980462443","49.7467401537115","0","322.704986637384","22.136856384639","0","18.2350173350553","3.56835012006824","10.1200370543397","72.0884186666962","28.5873042146478","34.0477710535499","52.8957106363577","22.3243246976409","0","0","16.6","0","60.0440829159888","0","0","72.8200699968142","58.9900640569064","46.2068076561508","67.8793750885661","0","1"
"18","2","21","3","1.5184","20","122","0","22","1","46","0","0","25","151","0","1249","18","2","56","0","0","39","0","63","1","0","333","3","0","333","0","0","41.9242048669254","0","696.47619047619","18","30.274040327958","0","0","4.47251831647742","21.067405956362","0","36.781262459532","37.8857629863346","151","12.7658110713338","0","0","60.6631197245432","0","61.1424235295637","24","0","73.730653694689","518","0","57.5946122659355","0","1"
"19","1","31","5","-0.2644","601","326","146","110","41","1761","13","53","5677","135","39","3827","5","90","223","0","15","95","8","54","12","0","368","0","45","206","0","91.4409317803661","18.0269136165784","64.9454697500168","70.9457629655895","100.852286455967","15.5665172891461","12.486677302637","98.2935097395813","5.51863468104723","18.9596531593405","76.6158238518044","30.714260601042","329.666666666667","39.6623068269221","73.3510652868223","0","171.865468312864","37.6790711281966","149.507268415546","86.5635012734898","18.4728829952354","0","39.6272983213906","0","56.4673125083943","35.3933341712582","0","0"
"20","1","23","4","0.0911","416","1428","56","14","307","529","6","50","1052","190","51","2111","32","73","72","0","0","4","59","153","8","0","1103","0","59","142","0","163.144230769231","8.79290599370074","44.7651458543641","0","14.437916692216","3.86338374059046","6.98801378533665","25.463457453756","4.89836713154904","9.82850323526592","37.932658857201","17.6365329218955","17.3978325951573","17.2409440837353","4.89511704772197","0","0","7.8100253359642","43.9159664100888","42.218758758874","17.5","0","35.5666837026103","0","13.7387943383393","24.3914916361507","0","0"
"21","1","18","4","0.9713","129","134","0","153","15","313","0","85","16","32","0","643","4","4","60","0","4","2","2","18","24","0","529","0","4","752","0","39.5271317829457","22.7973897970567","0","146.091422682415","50.0287027817453","46.7667750593083","0","108.504072710171","3.2715269172428","21.5092012649923","0","27.3794054856167","0","0","11.6528257827145","0","0","0","0","42.1601548142959","10.2340194580297","0","121.422158228206","0","0","81.6953854293745","0","1"
"22","2","28","4","-0.3466","124","112","0","2","101","160","2","25","16","379","19","1913","4","67","393","0","4","2","271","42","83","0","274","19","4","1041","0","42.6693548387097","15.0524012665117","0","95","123.014899167709","65.2388202280169","0","78.1768494760492","4.93931621574526","76.4720709955386","335.316354422885","76.0576506262268","0","61.4243799205334","43.1596699455372","0","0","43","207.973433741572","52.8162900567241","47.1336492232385","0","93.9412376662835","58.6666666666667","0","112.191333718386","0","1"
"23","2","20","4","0.082","209","245","0","243","35","119","0","0","25","194","23","1769","13","48","40","0","0","23","0","134","44","0","411","0","61","303","0","55.6937799043062","11.2936723857655","0","74.1753769890723","167.976637846737","24.5469976348586","0","0","3.22473797480406","19.053120188682","34.6430666213778","31.9663937035042","35.2918320332353","51.1685014515066","43.1217627928742","0","0","41.5478503876414","0","50.81745254593","8.34200831639667","0","83.0972599458475","0","47.5695108759408","50.7905118510797","0","1"
"24","2","50","2","-0.9661","98","56","0","0","12","103","0","12","4","144","0","1882","4","8","6","0","0","2","0","4","0","0","72","0","75","9","0","0","26.666761668402","0","0","0","21.3920463683645","0","0","10.7444916445586","32.6263980045804","0","60.7448978355895","0","0","0","0","0","35","0","56","0","0","51.5432580879912","0","31.9746320984938","4","0","0"
"25","2","20","4","0.4028","202","147","0","161","11","61","0","4","19","51","0","1609","4","161","8","0","0","0","0","0","0","0","128","0","4","375","0","44.4306930693069","18.825831646753","0","350.939619241781","41.3333333333333","51.4701276842043","0","151","5.55182975049003","38.4780520934647","0","30.6377046978931","0","41.7177658301012","0","0","0","0","0","0","0","0","69.7415665873581","0","0","26.8261133716588","0","0"
"26","2","24","4","-0.2345","89","112","0","1","31","67","0","51","21","69","1","1693","4","129","4","0","0","24","70","25","0","0","480","0","24","479","0","53.4606741573034","4.87446038616496","0","18","149.817836582384","27.2835265149452","0","111.372088729009","3.01931900379737","30.6061827057321","0","46.0084452351595","0","57.1972072152606","0","0","0","45.9067761687303","53.6713226514605","57.3436647090312","0","0","92.5241448862509","0","18.240008766228","106.999438394955","0","1"
"27","2","27","5","0.0514","229","238","0","0","3","82","0","0","1","37","0","1251","0","12","62","0","0","0","0","43","0","0","19","0","0","4","0","146.825327510917","42.7007114604825","0","0","30","28.4700255264051","0","0","7.63386181956921","21.1629173614573","0","34.8582018263629","0","57.9882261791048","9.23929735877985","0","0","0","0","59.5089675660801","0","0","31.2577787794753","0","0","0","0","1"
"28","1","25","4","0.3633","312","155","0","0","0","47","0","0","2401","245","0","2923","17","0","72","0","0","2","0","0","0","0","145","7","0","509","0","117.211538461538","17.4933570189124","0","0","0","17.8554012929188","0","0","2","13.7961259593976","0","25.7261848808063","33.4885963877136","0","10.1654688922652","0","0","11.5","0","0","0","0","43.7702030157991","2","0","48.0623898751171","0","0"
"29","2","25","5","0.1229","17","159","0","94","19","45","0","12","137","40","0","356","8","14","2","0","2","22","0","47","53","0","127","0","5","10","0","0","5.71472946384466","0","481.547167639118","83.0286866590387","17.8417066628412","0","0","2.96472736408108","21.8728895649119","0","43.3451655286203","16.3266740871658","56.6666666666667","0","0","582","72.3590736971088","0","40.264309141228","12.2702442611092","0","70.7231159273166","0","28","0","0","0"
"30","2","23","4","-0.0782","238","237","0","163","21","40","0","16","113","90","7","2364","7","6","359","0","0","0","0","39","110","0","67","0","2","72","0","255.27731092437","16.9922426085128","0","254.498950737021","231.2","27.285234003755","0","0","2.94206313303822","22.8119634620724","57.4","37.3813100543459","41.9400668226953","51.3400660684228","10.6552439888099","0","0","0","0","55.9811303410113","34.91575999872","0","66.0259738155468","0","0","98.1962237539493","0","0"
"31","2","22","4","0.2014","114","450","0","170","111","176","0","72","43","186","2","6947","14","49","110","0","0","21","1","210","47","0","1080","11","26","12","0","0","6.28465405295655","0","43.6158731362278","51.8396310157765","18.453739845524","0","46.3682763262523","2.69230215087237","14.0133627808087","0","22.1174065912302","20.9733651643753","46.1323583822852","11.9020927191147","0","0","22.4087703954334","0","34.0451544071227","4.2207796817289","0","87.8959056887383","42.1076733862402","152.020827646817","0","0","1"
"32","2","21","4","0.498","121","362","3","448","275","40","0","40","62","42","1","2110","4","11","34","0","5","23","0","63","1","27","162","0","23","548","0","0","17.4179108435029","49","66.3592828549318","52.7459821989732","14.0800118554759","0","27.7575648890746","3.37599148135263","37.2283105700071","0","31.0166009201646","0","44","6.97431387394001","0","113.25","46.3943261465683","0","57.440719122883","32","32.9753027287932","67.3698573916001","0","55.1485427329843","112.680458114121","0","1"
"33","1","29","5","0.8474","246","269","0","0","33","198","0","0","4","138","0","1815","7","35","135","0","15","15","0","37","22","0","272","27","12","89","0","0","9.15102008676047","0","0","164.85038121538","22.7051911535358","0","0","17.2814551252746","20.4007463869483","0","30.2943708353975","84.2032944279366","45.3431194723785","10.30637792651","0","47.1528707424715","65.7568614791468","0","60.5429497737103","14.5880141391327","0","72.8301774918011","62.3846153846154","45.0235043854475","18.4628573112018","0","0"
"34","1","21","4","1.0549","84","1420","43","370","311","120","15","213","1417","226","17","1773","4","42","296","0","109","34","150","68","12","1","321","26","5","37","0","66.0952380952381","1.9937030889728","58.4139921639851","13.3651422458837","99.1357756964425","10.477952864386","2.99500809792","105.520775147691","3.36416876861886","7.40269043873589","34.0240474484793","11.6280121479656","0","45.4191732757713","9.7862857413652","0","2.36987140641011","16.196718641571","13.9410473000856","34.4319496715343","18.2991185439694","14","37.5165183035589","13.6100088245139","4","3.99001113711588","0","0"
"35","2","27","5","0.9607","153","182","5","0","17","116","0","10","23","77","0","1060","4","27","2","0","0","6","0","38","16","0","202","27","41","8","0","161.045751633987","22.8839921071018","35","0","32.1233858740418","28.4501455457788","0","0","5.37939544303106","22.8597102643423","0","33.6111615564311","0","48.9823288438792","0","0","0","46.0301451266212","0","42.4759917092335","15.4375","0","48.9137001716694","51.5171407568959","43.6011253910843","0","0","1"
"36","2","24","4","0.9327","204","161","0","100","41","147","0","35","26","158","18","2683","44","41","89","0","0","17","16","74","1","1","335","0","18","658","0","1347.67647058824","18.6820550452735","0","284.37410972703","132.417216641135","24.5070913989992","0","32.4","11.6030761392013","19.8212316852217","55.7320718556765","35.0715328706362","36.9864336356258","54.2727272727273","18.2060426901441","0","0","8.97003515289901","0","55.7863110909738","2","23","57.3881732926981","0","19.2933821925163","64.4740899168781","0","0"
"37","2","26","4","0.6427","139","393","0","0","175","118","0","12","53","85","0","2348","16","34","21","0","0","21","5","100","1","0","1453","0","15","10","0","7.05035971223022","11.6340805593606","0","0","268.446922233315","25.8977432466109","0","0","2.66240324230017","21.1223536064544","0","34.4812697403616","11.2300205519077","53.2987667798445","4.13540651522267","0","0","38.7600639988607","72.8","50.1446779572561","2","0","87.0181876156982","0","60.4319620755903","78","0","1"
"38","1","21","4","0.9459","362","2836","0","507","46","64","8","4","20","34","0","2089","11","89","63","0","1","5","0","0","0","0","564","3","4","229","0","184.174033149171","2.28725544643276","0","84.2261174921137","73.6602154046709","14.3794908150605","8.31335712714195","0","3.7177826864091","6.26001103361145","0","30.0264742514247","16.9400705863199","38.8962153248343","19.1130906796511","0","0","157.5","0","0","0","0","48.7989984243939","0","0","41.0630161353316","0","0"
"39","1","22","4","0.8775","22","286","45","153","71","111","0","56","18","33","10","636","19","42","141","0","0","8","0","69","17","30","70","14","9","56","0","47.7272727272727","23.9532195251058","53.110098667668","318.970446546212","67.5933368930364","32.191671752951","0","44.2751156088366","2","19.2123277553575","0","38.6771632372102","19.5555555555556","46.8926785430015","12.5998391257826","0","0","51","0","50.3088651711863","15.5384615384615","77.8401908292848","104.430437111791","17.5571593031693","2","64.0719920332481","0","1"
"40","2","19","4","1.3901","378","127","0","16","3","11","0","4","10","56","0","1267","0","19","52","48","0","4","0","18","0","0","45","0","2","32","0","47.0026455026455","27.7148691779841","0","92.3522407659036","92.5604900330987","33.6363636363636","0","0","3.35468002548644","36.8992495014465","0","28.4768851190536","0","107.968354757729","14.2455180880049","10.2945552309157","0","119.75","0","66.5438172981996","0","0","61.3553556642822","0","0","55.1215642510758","0","0"
"41","2","23","4","2.4034","471","544","0","172","43","494","0","20","70","121","0","3750","2","266","16","47","0","28","2","119","2","6","612","2","7","809","0","133.68152866242","16.4544141682221","0","283.292377329431","73.085332885752","22.4064694037949","0","0","3.63087944487786","43.7759704159093","0","18.2010245058981","0","55.00074316539","35","2","0","77.0877930192368","0","62.4229977948285","3.5","127.099888628841","64.1877198900501","0","152","51.562396766916","0","0"
"42","1","33","4","-0.0822","1300","488","11","31","363","435","0","216","122","59","164","5533","9","341","14","4","2","16","222","244","26","0","582","46","54","2142","0","122.806153846154","22.5462910817404","12","44","103.618107465664","33.2556270978277","0","10.2119449078148","9.24288606160923","19.0154486195569","39.2952827466475","19.3479124031668","92","52.2992440609991","70","21.5","6","26.3154664954557","32.5052988674664","55.7614569210027","13.759555885303","0","53.6954676644143","32.9100596079165","39.790677841715","41.7051753502186","0","0"
"43","2","22","4","-0.3989","568","2077","0","0","178","336","0","126","1603","1316","100","8357","4","100","190","0","1","14","2","169","0","0","2448","6","45","1071","0","78.375","1.73494354036026","0","0","31.546943153241","14.2447763571361","0","74.4348404838419","2.05113815239363","10.5609527703346","63.0169401085799","17.6558107282087","46.6701988195658","36.0356052449822","10.9078278954917","0","1","24.2092537317859","14.5","34.4868192588984","0","0","69.1107621496315","3.48501670567382","10.379449275763","61.9742089912258","0","1"
"44","2","23","4","0.203","147","620","0","65","187","60","0","26","294","56","0","1521","82","25","45","0","0","25","0","4","0","0","251","84","2","126","0","0","3.93456899557234","0","137.296569170616","221.915231844322","19.2211762164953","0","77.3602124769406","2.44522523704249","21.4734629405494","0","30.6379348457258","23.7115472255786","52.637632298","7.18649339627629","0","0","29.0591429536121","0","82.25","0","0","85.9100225768389","22.7550521292677","109.5","279.483673554125","0","1"
"45","2","24","5","-0.0598","62","191","0","60","12","210","0","15","21","156","0","1113","17","58","89","0","23","32","0","48","5","0","192","0","20","10","0","0","18.3514211731516","0","149.98718819593","0","18.3997935052221","0","3","3.27128150606022","45.8301114773471","0","65.0545347274815","58.7336502211879","70.6360752205496","15.6172955107368","0","647.215582393405","49.805238046606","0","49.8100104862404","21","0","123.381132794339","0","138","0","0","0"
"46","2","21","4","0.9461","401","237","0","210","10","54","0","16","25","131","12","1993","69","73","12","0","22","40","34","91","17","0","343","0","15","608","0","157.72319201995","9.02767963189937","0","333.560878939218","11","12.7342438201884","0","0","4.76224885869471","38.0917887296879","31.6380592115079","29.4763305198925","48.0193787782081","78.0098533695459","0","0","12.5","33.7284488801868","33.2534291328662","54.9210627420791","23.7375134770051","0","67.4075580466785","0","50.8501640325143","79.1839705891257","0","0"
"47","2","21","4","0.7341","101","17","0","81","8","193","0","3","11","2","0","481","0","42","0","0","0","47","0","0","0","0","121","0","0","234","0","20.980198019802","30.0160977384012","0","123.833865852049","240","30.606042023432","0","33","9.90660632324662","58.5","0","48.5830334203688","0","60.5037425906753","0","0","0","34.3111111111111","0","0","0","0","97.4199201100823","0","0","164.236382380169","0","0"
"48","1","20","4","-0.2055","135","277","0","0","0","367","0","2","144","152","0","1379","0","9","612","0","42","0","0","0","0","0","1033","0","4","0","0","22.3259259259259","9.45341244855836","0","0","0","12.0529569701541","0","0","2.8872180687922","34.9196877681895","0","32.6134650246046","0","60.8","11.1038844678831","0","51.1293996145906","0","0","0","0","0","84.7066002039818","0","2","0","0","0"
"49","2","20","4","-0.5943","85","164","0","1381","47","47","0","8","71","16","0","1465","5","15","8","0","0","61","0","0","0","48","541","0","13","20","0","29.4588235294118","30.9811093469933","0","483.546081769296","59.3956469625911","41.8865741046647","0","0","5.39183982906048","8.83232082592878","0","56.3289395304058","6","42.1198663546094","0","0","0","78.4285803589984","0","0","0","856.174395066658","252.813081751711","0","19.3829027441784","150.486954980952","0","0"
"50","2","20","4","0.5569","138","112","4","168","10","95","0","6","9","83","0","760","10","16","29","0","0","0","0","43","2","0","118","0","4","170","0","56.463768115942","26.9489930170433","75","80.0165811034248","55.9902077414751","22.4895492435862","0","0","5.22265766279102","20.7084792281763","0","41.8024670694942","15.6666666666667","73.4401195869598","32.7500937918311","0","0","0","0","43.4310861741371","27","0","119.448770754057","0","0","102.992078088395","0","1"
"51","1","20","4","0.6562","67","209","0","0","30","1363","0","75","80","967","0","1488","60","59","310","0","0","35","88","124","0","0","604","0","2","66","0","0","13.4496770923919","0","0","125.35035609036","30.4637236158689","0","116.711862282479","5.31741107514255","4.12505276940786","0","37.4198772777181","35.7884225478864","71.0042236855713","10.7261177003235","0","0","28.5520950826641","85.1808674780661","54.6640359739011","0","0","70.1836770162795","0","0","111.228621928847","0","0"
"52","1","36","3","-0.2902","169","236","0","1055","34","121","6","6","15","23","8","378","2","33","101","0","0","22","0","7","0","0","234","0","2","671","0","119.686390532544","13.6563241663629","0","184.171345077502","115.424904136017","23.1250707740077","40.2201375866413","0","3.62125918336524","21.3906123902995","43.9101002340429","24.730223985937","0","42.5100794552862","8.10557602584007","0","0","16.972033610488","0","70.33331935232","0","0","91.6206954026913","0","0","68.838309054214","0","1"
"53","1","18","4","1.4896","76","1725","8","635","95","1178","26","30","1292","51","39","862","153","162","223","0","356","39","0","27","0","0","755","0","123","334","1","117.947368421053","2.06649153792894","37.333345413208","8.42893101634927","9.53836433457009","13.4215539963617","2.87250301434043","51.7200242858333","3.53434708808749","19.1089163138032","54.6376367129501","8.5916259194445","31.9621745358336","29.0823916566806","21.4935822079967","0","109.773120464122","22.0234970377655","0","33.1505250991055","0","0","32.3472811496925","0","4.16908808911507","37.442935707997","397","0"
"54","2","24","5","0.7257","276","192","9","83","33","206","0","13","56","54","0","1349","5","20","31","0","0","0","73","60","1","0","250","2","3","284","0","44.8224637681159","13.0762470219899","43.8500597308998","423.853504079252","122.079145611495","19.8168131537414","0","55.3951188213931","5.1933587554943","34.4108797649579","0","34.793034955799","4","63.757856742124","31.6137103202807","0","0","0","146.603152998748","67.3132297779511","8","0","110.29879264634","50","2","138.358877073189","0","1"
"55","1","25","5","1.1163","305","347","0","47","33","52","0","130","21","173","0","2128","52","74","23","0","23","18","7","55","0","0","239","0","4","4","0","228.160655737705","27.3119550986301","0","202","207.977142765958","12.0368917637608","0","136.354258925389","2.63383108803522","18.7181085891765","0","22.3877322382374","19.1258772864684","64.3193008096175","4.39200957123295","0","7.52000773602898","176.04647919514","96.75","40.4295916183954","0","0","88.2854718845989","0","0","0","0","1"
"56","1","27","5","0.4087","618","1397","20","22","221","853","13","230","1100","180","3","2733","38","127","279","0","7","23","45","12","2","67","1067","11","99","255","0","91.4546925566343","9.5558942305322","46.7384823146606","126.6162114393","9.76522795402617","13.9404193946554","10.4760266042411","53.063063616573","5.01985307603163","6.36862089771989","20.9500556855794","13.624292052541","36.7732951081835","63.1102740227873","12.2234381672649","0","5.48501825835008","14.96575060304","39.9114418958182","27.4340782590344","131","15.4743451791391","52.3287584392043","42.965749222435","15.9215535794372","26.5111353421544","0","0"
"57","2","26","4","0.6243","113","227","12","10","93","332","0","80","37","296","5","1848","57","132","68","2","49","21","165","128","0","0","400","40","66","12","0","19.1681415929204","29.3155646771651","63.4444444444444","897.444444444444","165.024760675863","30.0893991193833","0","106.648040083677","5.85280817652852","22.8816632564646","44.9101002340429","44.6089700642167","50.8657621796722","69.2443079375851","17.8465004164066","4","83.3698440400015","61.2389328861689","28.8175079515924","44.1187996245924","0","0","91.3301266008347","24.9870187931517","35.6456389726333","123.6","0","0"
"58","2","30","4","0.4939","96","303","0","447","32","232","0","30","16","154","15","1843","0","33","9","0","0","0","55","0","0","5","382","6","19","776","0","4.0625","13.8435080866409","0","356.491185098191","61.0391944476647","28.4140292124105","0","10.9550501170215","3.33153575319052","17.4600530029808","50.1818181818182","27.7781392368273","0","46.4747371963054","1","0","0","0","70.8731940097082","0","0","2","90.7898015788231","9","63.0275212241233","66.8218901754476","0","1"
"59","1","23","4","-0.3345","62","68","0","0","13","45","0","0","729","56","0","653","4","13","150","0","0","0","0","17","0","0","27","6","3","141","0","38.8870967741936","16.6950798114729","0","0","59.5645530967109","19.8261530203009","0","0","8.22876123963017","34.0486991158751","0","37.2874603311372","0","44.2101070110573","35.4764893133309","0","0","0","0","52.75","0","0","33.3853701172926","0","2","70.2857194937898","0","1"
"60","2","19","4","0.7233","354","278","0","29","96","128","0","0","20","141","17","2841","18","49","27","46","0","65","11","77","5","0","227","0","0","670","0","72.1016949152542","18.220908034237","0","103.417666709687","92.0951928717383","25.3986475333238","0","0","2.9968610633861","22.300232451138","111","28.2116428795572","50.2801755922653","50.7045847741873","12.6908445723633","3.45795250845963","0","10.9253023667528","110.605982193231","41.7358035351401","22.6666756145152","0","50.172999713642","0","0","65.3263597046415","0","1"
"61","1","22","4","1.4571","150","3859","8","2893","218","184","14","8","3661","180","9","2602","17","49","94","0","28","2","34","31","0","38","192","11","21","178","0","13","0","0","71.4965579935532","203.354180779273","11.5899352551805","31.546057806049","0","2.72348185014338","3.89097821078611","54.4285714285714","14.5256151531973","10.5920097868301","54.5882352941176","7.92409290693591","0","32.1813025950444","0","84.412523706405","31.5330399268206","0","17.8800276662099","43.5350503610945","6","14","26.2698192370197","0","1"
"62","1","27","5","1.7293","140","408","0","29","157","272","0","0","70","58","0","1284","76","4","0","0","9","1","0","72","0","0","460","0","86","25","13","217.785714285714","19.4954851295831","0","717.164820976528","45.5807576891385","23.2165832067528","0","0","5.29364739999178","20.0971040741491","0","23.8685424074127","64.1422469739716","112.386949081619","0","0","99.3403318153152","4","0","40.2822923451937","0","0","104.891693410425","0","84.007918146591","51.984526904352","168.147267644287","1"
"63","2","20","5","-0.4407","330","256","0","0","2","46","0","0","16","126","2","2719","14","13","0","0","0","11","0","15","0","0","32","0","0","774","0","74.5818181818182","21.7157995023005","0","0","15","13.0010829496335","0","0","3.30091676295711","20.2420026181871","29","32.0333911432242","100.113869773699","49.7560635469126","0","0","0","94.6881305352376","0","43.3846188422497","0","0","61.6893948701638","0","0","154.851861478978","0","0"
"64","2","22","4","0.9043","350","412","0","0","28","60","1","8","3","53","0","1550","2","16","17","0","0","1","0","0","0","0","180","0","4","163","0","92.6542857142857","4.44865365604708","0","0","101.221710872098","24.4473075221791","2","0","2.96100012857066","9.01151478330407","0","32.3728070818458","0","21.1960031815455","8.48335319881293","0","0","52","0","0","0","0","58.7137491811143","0","0","74.0352095081548","0","0"
"65","2","22","4","0.2701","86","146","0","245","60","118","0","12","51","50","0","1018","20","30","8","0","0","2","2","0","0","0","290","0","25","444","0","43.0697674418605","5.39022901973128","0","89.4954188406001","282.269051391577","45.5271018622141","0","0","3.17485506410258","37.0450757245338","0","13.8636704842293","270.715220858853","49.3262204697541","0","0","0","8","0","0","0","0","62.0479148991043","0","15.6187507165862","24.9567038305495","0","0"
"66","2","22","5","0.5095","149","128","0","88","164","331","0","60","42","67","0","1855","0","48","47","0","0","0","0","175","17","0","328","5","0","454","0","96.2147651006711","9.98520318036524","0","113.040281424038","208.023957065464","20.6405956906015","0","49.8730156967441","3.27385979898258","22.669698322636","0","16.6716137624761","0","52.8336814647393","16.4052796570617","0","0","0","0","24.5400428576377","24.7058823529412","0","68.1597069495997","35.3901109941444","0","59.9683266599242","0","1"
"67","1","28","4","0.8435","735","286","0","0","42","139","0","79","377","73","0","1941","24","140","37","0","0","17","17","22","19","0","557","0","22","10","0","85.6775510204082","24.4696757115695","0","0","77.9917065781846","24.0333246171496","0","80.1604321521018","5.78713224832733","11.3568041107671","0","20.4807457504362","72.3081081365959","84.9109168800848","17.6566728655667","0","0","40.2142857142857","36.9901643300902","36","15.3684210526316","0","54.208920279792","0","11.5154081759756","0","0","1"
"68","1","19","4","0.2423","82","659","129","0","107","138","0","15","141","170","1","6448","976","64","211","0","0","39","48","51","31","0","461","3","98","2341","0","1.5","13.257020042652","45.8559792107166","0","65.8516889481661","35.2664500298415","0","61.8333333333333","3.29281055106489","19.4629937643841","4","36.8905631828954","83.60818402573","47.8416756843448","12.1205207409774","0","0","33.6155687179092","116.348214460555","45.0954560790349","21.2593234801007","0","60.1098851519177","3","32.2619934197282","36.913943853008","0","1"
"69","2","19","4","0.9253","116","39","0","13","23","24","0","90","2","27","1","1233","1","4","39","43","0","0","252","53","2","0","31","0","2","218","0","71.5603448275862","28.1588234791317","0","501.714285714286","165.720136389715","17.6720333207031","0","250.529054838484","6.23897722763765","6.82528375224158","929","63.4134051685169","108","231","19.317186365124","14.9842231226769","0","0","25.0603193160121","86.9263233542957","62.5","0","93.0779958973295","0","0","262.221798294035","0","1"
"70","2","26","4","-0.4214","79","188","0","0","15","146","0","12","10","71","0","860","7","10","5","0","0","7","0","0","91","0","300","0","24","8","0","8.10126582278481","6.46841078337903","0","0","39.3144140467476","21.9408815051033","0","5","10.1320173331175","22.1790071625128","0","8.82876059983736","2","42.391171053264","6","0","0","5.32667372239701","0","0","17.5488420088769","0","52.5808013282842","0","6.42857221014629","4","0","0"
"71","1","23","4","2.3534","171","2560","297","696","170","323","11","8","2289","210","39","2258","11","112","84","0","107","58","31","0","0","0","1659","9","11","28","6","222.485380116959","7.05466732657363","30.2185495934529","85.7993475918186","12.5995315313079","15.399149104816","2.99600820135237","13","4.5762223426588","5.72329318840138","14.0224636620446","12.223277100711","15.2857142857143","14.6274987922033","2.96208688938567","0","24.413800379144","6.22052244904208","186.095869814371","0","0","0","44.6304060549822","26.7041106060648","1.29800242257695","39.149388525919","0","1"
"72","1","21","4","1.0024","174","187","42","545","97","96","0","1","8","101","3","1826","18","36","9","0","0","8","15","61","0","111","61","15","0","0","9","72.6091954022989","14.6217178418556","42.4362816869082","145.529174706683","42.1719882977555","29.9419093269595","0","2","3.55523055210558","24.6791090586879","30","34.1247930723472","114.435482741603","50.65","16.6400278181661","0","0","0","138.156211067053","43.8474576271186","0","145.421131468863","58.3077101779594","26.2050505874406","0","0","103.36516495346","1"
"73","2","28","5","0.656","32","122","0","5","0","140","0","144","15","80","0","963","2","24","67","0","60","14","0","38","0","0","117","0","1","0","0","258","32.6085972342512","0","234.75","0","20.6958361621395","0","15.6361361227947","5.49784542467956","40.7229612178906","0","33.7579564733277","0","89.2561416180772","33.239868684411","0","244.862269858535","298.910349155132","0","55.089653471301","0","0","171.928595934412","0","12","0","0","1"
"74","1","32","4","-0.1564","1011","314","0","0","9","57","0","0","6","74","0","2318","0","5","40","0","0","0","0","0","9","0","109","0","0","49","0","74.6973293768546","23.5851961636685","0","0","10","15.9600489484534","0","0","5.82701740133531","26.4203978390597","0","10.8975481377143","0","37.8268717847786","9.66430288416028","0","0","0","0","0","13.2933820131872","0","74.1929463712931","0","0","23.5481934481666","0","0"
"75","2","18","4","0.5404","1055","343","9","4","70","251","0","48","45","238","18","4599","4","84","123","0","0","110","8","60","5","18","524","2","99","2999","0","43.3611374407583","20.5590716182068","5.33333333333333","381","142.198256361576","33.5186935664978","0","44.1708239318452","3.0075553148459","29.9455027831414","73.2526173776957","16.5740602432077","0","49.24001552115","35.7698307710205","0","0","34.1079598295543","7.78801453546168","40.3010270811853","13.6","48.9287956732558","70.2121869902493","0","20.4918352020901","39.1257283338436","0","0"
"76","2","23","4","0.711","13","141","0","603","13","115","0","14","23","73","0","919","4","10","21","0","28","1","9","30","0","34","117","22","12","9","0","920.230769230769","12.4464836119408","0","129.521503672735","324","100.312419695871","0","0","2.86663480837487","16.5456379044179","0","19.8670489573437","0","65.5","21.2222222222222","0","26.5228087423879","48","23.6601031919164","69.4479607507383","0","32.8760424823503","53.6138673250114","30.8250475278336","14.1666728589935","62","0","0"
"77","1","19","4","0.9055","90","287","0","384","90","88","0","0","18","33","0","5468","239","23","159","0","0","52","0","114","0","15","1292","0","2","41","0","29.5444444444444","12.3608880252434","0","133.992590778063","100.817965091663","22.2981868726872","0","0","2.11390591177042","15.2565751777735","0","41.3905978535365","11.8427325981315","62.7400452852833","14.0789473299731","0","0","23.8933531807063","0","47.6040555077065","0","48.2286324604701","94.419540786016","0","0","31.5927767094845","0","0"
"78","2","24","5","0.5107","98","106","42","0","14","44","0","2","3","59","4","1170","4","86","14","0","154","7","0","152","0","0","118","4","14","0","0","50","9.91127294547305","44.0168856341148","0","14.9633781519908","15.3947368421053","0","0","3.0714983516451","21.8440348849657","0","23.5085930132276","0","67.0330005988466","5.9750278427897","0","123.367174358439","39.6200462172734","0","36.2919953261642","0","0","56.578807714161","0","20.9836496644885","0","0","0"
"79","2","21","4","0.8868","217","211","0","9","12","176","0","43","30","228","0","3807","4","173","28","0","1","0","7","0","0","0","674","0","11","6","0","85.2534562211982","14.3727344760145","0","10","61.0561369878544","26.2809241938139","0","160.80047913009","3.00456322009933","17.1704672115806","0","27.379535124639","0","55.6693953796387","13.9845575699307","0","34","0","28","0","0","0","87.6288930572261","0","27","17","0","0"
"80","2","24","5","0.8584","269","218","0","101","15","104","0","39","8","503","0","3669","8","42","4","0","0","5","3","48","23","0","308","0","3","1087","0","297.602230483271","14.9601517978942","0","16.1149185356809","68.6750897068662","5.07436269873016","0","34.5978851042812","2.48983651219997","13.8560098577988","0","33.873137706364","4","67.7614792957101","0","0","0","34","4","58.13916317636","24.0716339880988","0","40.0702309760882","0","1","37.5967427615135","0","1"
"81","1","24","5","0.4346","135","183","7","0","8","125","0","6","81","42","0","1137","0","50","6","0","0","0","26","63","0","0","233","0","0","433","0","19.5851851851852","16.657680770749","110.300370616264","0","22","20.8495779061235","0","3.16333704358292","4.72588014628224","18.4919129065358","0","29.5624102760489","0","61.7121874878767","0","0","0","0","45.8595485993099","63.9156110763246","0","0","104.860532220564","0","0","101.366150804558","0","1"
"82","2","20","4","0.9814","113","151","0","321","80","156","0","6","5","132","0","2364","6","21","185","47","0","0","0","24","13","22","639","0","4","386","0","71.8141592920354","13.0591323899195","0","517.762787905341","121.587724755055","23.3689037479232","0","0","3.29141215489857","48.833009917255","0","40.7915037519072","0","109.072235014546","28.8855472159099","9.07244270668403","0","0","0","91.6614632944151","18.2366725893782","80.5539978106814","112.962638521723","0","0","36.8489207309836","0","1"
"83","1","21","4","0.7566","28","293","6","199","17","281","0","0","19","385","80","4621","143","66","39","0","33","22","0","105","13","0","727","0","9","1659","0","12.0714285714286","13.0442098646238","37","188.938816589128","276.625","19.0246734790319","0","0","3.14782796639825","24.3444332829944","50.9062744911653","32.099305141959","193.623821085233","51.1837904197218","15.1223070242175","0","11.257626975695","97.4191554411728","0","36.7840198490191","6.53779906138961","0","97.6167827794558","0","1352.46483723271","134.498118233519","0","0"
"84","2","26","4","-0.3376","318","292","0","0","6","99","0","141","56","49","5","2218","4","32","14","6","0","2","0","18","0","0","117","23","4","4","0","230.415094339623","19.3761305678051","0","0","122","29.5708801569308","0","177.75275771809","15.3240737240125","29.2178093542288","246","46.8180003542768","0","117.787352683412","12.3983537806866","46.9051058026009","0","86","0","50.4127598836082","0","0","123.27159600786","60.6118756023489","0","25","0","1"
"85","2","24","4","1.263","832","180","0","0","13","61","0","4","28","141","0","1808","4","60","21","0","0","14","0","2","75","0","64","0","2","7","0","143.997596153846","18.8138337337532","0","0","38.3333333333333","41.1877535309996","0","0","6.89432098255897","38.7906632730716","0","15.2040913448402","21","90.4292951737509","10.0909090909091","0","0","97.7142857142857","0","0","29.7301809400429","0","51.8037897872022","0","0","6","0","1"
"86","2","20","4","0.9317","372","1082","0","603","32","380","24","4","658","439","0","7765","42","184","38","50","0","1","38","0","105","0","590","8","108","3800","0","47.7795698924731","1.8978331043416","0","132.862607065569","93","22.6872604775948","1","0","2.24630239006463","11.0287303736547","0","14.7279195242733","15.6748800468107","39.5350775983586","6.17065341530518","1.63224548741216","0","12","1.46562867601903","0","13.3377660914214","0","37.531050671571","0","13.0577201465554","25.5525322926999","0","0"
"87","2","21","5","0.293","49","157","4","2","9","44","0","11","8","110","0","1268","8","95","74","0","2","18","37","121","0","44","609","3","4","6","0","0","29.0257382467869","0","0","79.2","16.1874782375251","0","20","4.97410107241029","20.4899340524983","0","30.9510974612204","0","72.4671275511171","8.45467705234709","0","0","66.9865229789555","15.6400115665715","54.3037620652989","0","19.5819709577207","55.57508929457","53","0","0","0","0"
"88","1","25","5","0.9174","248","181","33","0","14","138","0","11","52","211","8","2184","2","66","17","0","0","60","79","16","28","130","26","0","10","294","0","405.471774193548","18.8204562416857","47.1777703222297","0","159.23431559408","38.1103108492273","0","2","4.84198952103816","22.519338464169","45.4220869255044","27.366409631893","0","46.6981941674693","8.63572010051687","0","0","38.67892843277","51.1129521765987","57.5475796707094","43.1635379527791","68.0936597139608","74.6249106715501","0","35","88.5789754262201","0","1"
"89","2","25","5","0.1266","85","243","0","0","22","87","0","10","2","56","17","1382","20","33","6","0","0","0","0","59","0","38","270","0","2","614","0","0","6.17029208920089","0","0","51.1323158129276","24.7212375814461","0","0","2.38975682789744","29.9864329699505","72.3567167729421","15.6420730082979","27.1875","78.3743373565208","0","0","0","0","0","52.928246211609","0","39.5072024363093","65.4884658220141","0","0","29.5539956233497","0","0"
"90","2","27","4","1.3434","143","194","31","138","16","182","0","10","51","255","25","2256","7","36","13","0","27","5","37","79","0","0","152","6","18","369","0","0","10.164754608401","91.731943607935","121.694637815824","45.1666666666667","16.9201561171802","0","0","3.13791128117309","24.1755236273453","109.733333333333","32.5116878214196","8","72.5667166114807","2.28000571056603","0","39.3880047118942","5","27.5871498849406","54.8846818828682","0","0","76.0678839967492","0","51","70.6956198715088","0","0"
"91","1","20","4","0.7417","33","390","0","31","46","248","0","8","2626","60","1","953","2","55","206","0","0","31","0","0","0","8","505","363","12","775","0","24.7272727272727","11.0852896679018","0","159.662463157485","542.987518446302","15.692058260117","0","0","2","16.7783431837605","0","18.9735165642083","0","44.194203098229","10.525166553513","0","0","24.4225149766434","0","0","0","58.875","73.1684426606741","27.6417780022093","28.6133977901459","67.8543114178015","0","0"
"92","2","22","4","0.6379","241","177","0","4","125","339","0","13","34","25","16","1549","9","117","18","0","0","66","29","9","0","0","271","0","7","165","0","29.5394190871369","19.4411871887066","0","0","40.2205544577513","50.5707765506974","0","122.288382465109","5.33158079250344","23.2063732881235","57.0260899760561","29.9143113710818","29","60.4250797494579","30.9500518390465","0","0","45.8231897863054","32.3033769028449","66.6666666666667","0","0","76.3153775200071","0","112","48.6107688679152","0","1"
"93","2","26","5","0.539","311","132","0","355","0","192","0","62","16","226","0","1831","4","56","1","0","2","0","0","50","0","0","382","0","0","293","0","110.244372990354","18.8869584567581","0","350.160163279625","0","24.5444109905097","0","104.335489513682","3.32576609002846","15.0767846654","0","34.7856709542951","0","32.9549269703395","22","0","70.5","0","0","39.7878199340639","0","0","42.3441244233156","0","0","56.8439409816994","0","1"
"94","2","19","4","0.8702","128","276","1","19","41","99","0","16","91","214","0","1699","27","20","16","0","0","95","10","119","0","0","708","28","32","10","0","76.8671875","12.4432563765424","5","42.7692307692308","142.717566633424","11.0805428705703","0","29","3.63239659619478","28.1663537068441","0","49.4603409556","18.7943043157541","57.125","11.338593502625","0","0","34.2693206735212","60.9300647880762","62.9751326147287","0","0","77.330968806527","86.8478546414118","89.61492275544","0","0","0"
"95","2","24","5","1.1517","50","310","0","3","9","88","0","4","43","29","0","849","18","35","10","0","9","32","0","26","17","0","102","0","63","0","0","0","37.3362985013135","0","252.741403276601","12","25.3453670234405","0","0","19.461361537045","17.4632327263327","0","61.7779255974344","54.1922453430538","40.4487648450355","130.6","0","20.8571443674989","186.133832654236","0","80.2906614665775","12.974316345382","0","105.454563585321","0","109.018867924528","0","0","0"
"96","2","22","4","0.3459","130","745","0","42","186","35","0","10","148","111","8","1286","5","23","2","0","0","3","8","28","9","0","352","0","4","1177","0","184.146153846154","14.1224482161767","0","442.748178925968","279.231888628567","20.5624378151615","0","0","2.63779287761018","36.9622887438468","60.4572706106567","23.9020437516184","6","55.9745756658923","0","0","0","2","36.5","58.2916734089495","25.5555555555556","0","66.952775642006","0","0","62.3528795922325","0","0"
"97","2","19","4","0.1788","105","2130","2","8","240","734","0","11","1598","1257","30","5383","64","75","87","294","3","65","9","70","38","0","946","20","121","687","0","24.9809523809524","5.25062666631137","1","0","49.315268157929","22.2920244842277","0","0","2.900576304895","14.1443484382474","205.210879832154","29.3071079462755","60.0163811391841","35.2262614866221","10.6855129677286","64.6260746481609","2","15.4976097234397","73","47.7675351818887","7.91744029634426","0","65.9671261234986","213.337123176381","1.74167644168527","84.9921443500081","0","1"
"98","1","19","4","0.4926","43","151","0","0","39","254","0","0","1999","114","0","1671","38","19","228","0","0","0","0","78","22","0","111","0","0","0","0","51.046511627907","89.6993233914711","0","0","46.627199342232","24.4035944744999","0","0","2.75517922732318","24.1324647968927","0","38.8719692855453","27.6250353045823","47.4166666666667","18.649207978198","0","0","0","0","52.7676942449173","12.6360167120364","0","82.3847916278534","0","0","0","0","1"
"99","2","27","5","0.9759","75","223","0","0","10","306","0","97","24","273","0","3518","4","144","395","0","0","4","0","0","0","0","1001","0","6","557","0","32.96","9.14053315825227","0","0","0","4.09882815208781","0","9.50702796856707","2.48049157420546","32.721821324879","0","29.8506636599743","0","30.7469071394294","2.52988084454908","0","0","28.5601285957336","0","0","0","0","73.8879262543201","0","2","35.9749672143045","0","0"
"100","1","22","3","-0.1248","605","361","82","12","73","82","0","38","7794","214","311","5264","96","47","300","0","6","6","320","42","53","2413","631","0","7","2461","0","29.9239669421488","10.6894732176658","44.8836173747188","154.120358338242","95.0186633401698","22.3645777442987","0","91.1448161533337","3.24073576955572","19.6993618521828","33.9541965962788","23.0414444070877","69.5017947955288","41.0666666666667","17.2821354626829","0","31.3333333333333","29.5","45.9434213514917","38.3846737750739","4.83347154288789","24.6493393165955","43.0890345285525","0","76.6666666666667","32.0312909101808","0","1"
"101","2","23","4","0.162","522","271","0","7","134","97","0","30","61","104","6","5469","29","45","152","0","0","5","212","76","0","99","231","0","4","108","0","322.051724137931","11.375024269846","0","427.361826487004","49.1127849838479","22.7008800774379","0","11.7780263506593","4.51133161578428","23.1162264117505","66.6666666666667","33.184999901917","22.8419233427862","79.3600999841745","7.92970648714151","0","0","56.6","75.8400736713403","49.2006306006542","0","61.8383349756429","65.6565562392287","0","0","113.286910378247","0","0"
"102","2","18","4","0.1532","377","95","0","122","22","30","0","132","10","43","0","1555","10","13","31","2","0","5","88","8","0","0","92","0","4","57","0","192.334217506631","22.0083240943681","0","338.294003422577","47.8500921772528","30.3967901311636","0","30.9971366884469","4.57775446929637","33.1978860947861","0","33.667144771361","0","36.9600445484635","4.98589779754173","8","0","52.2667455307164","17.9628005152722","77.5981227179004","0","0","73.7626267958279","0","0","42.9971299095989","0","0"
"103","1","26","5","-0.0558","464","3820","0","279","227","428","1","20","61","138","35","2459","0","185","186","0","0","12","28","76","0","29","559","12","5","842","0","82.3448275862069","3.68059268460768","0","124.711703824813","79.188935217868","27.7165196916904","8","0","2","17.6665838897132","41.4835231387755","28.4419815451337","0","49.7159567055473","19.4413382217314","0","0","32.2400524859924","82.5528279447539","43.1295870255598","0","44.8432428654748","58.0578987798542","10.5","6.5","40.1950471002783","0","1"
"104","2","20","4","0.3014","318","315","0","16","36","73","0","142","64","360","3","4877","6","270","12","0","0","38","7","24","49","0","377","0","43","1024","0","58.7169811320755","17.4689675705921","0","0","82.6342589905252","22.4877429664653","0","5.28904536251931","3.62684858515076","23.3237684346351","2","30.6628026432436","0","37.3104598209412","0","0","0","50.7788731732915","18.25","34.8563921822651","14.5739277857706","0","72.1341032411951","0","26.1500453346819","57.2391909270273","0","0"
"105","1","26","5","1.7384","32","4","0","55","2","7","0","2","2","17","0","223","0","1","1","0","0","0","0","0","0","0","0","0","0","0","0","103.28125","10.9800222614975","0","413.608051423344","0","9.4750261639168","0","46","2.07419136107236","18.2453584946297","0","21.457691692752","0","76","1","0","0","0","0","0","0","0","0","0","0","0","0","1"
"106","2","29","5","-0.1423","450","354","0","421","18","184","12","300","327","377","2","2886","47","6","13","0","0","17","62","48","197","0","432","0","28","10","0","59.3555555555556","23.5956244809553","0","296.066928426666","28","22.5037890141473","158.220868695039","69.8983830739884","6.63306184012771","23.1650466628597","0","15.4578624278937","35.358142467759","61.2","30.773397037284","0","0","28.5157752319308","40.9365230094969","44.0377542340547","30.0902482980722","0","90.7238983865919","0","29.7046369183636","0","0","1"
"107","1","21","4","-0.0214","174","1172","0","352","72","680","0","915","59","303","76","4560","657","168","673","0","4","0","192","74","55","0","1322","431","18","1774","0","25.0172413793103","16.6118475174704","0","247.555660608813","30.8381410401466","24.6391963329989","0","152.832935987712","2","21.9689167073175","46.4787810569866","31.0362741218249","12.0008401914557","39.4107348917862","12.2818048808498","0","0","0","43.420369306609","29.4500605635164","15.1404916567178","0","34.931574603346","42.4078053748733","2","86.3146580160874","0","0"
"108","1","26","4","0.7652","349","319","0","183","8","86","0","65","327","206","0","1391","0","52","139","0","0","12","1","0","19","0","163","0","2","0","0","54.5730659025788","7.8194780142295","0","135.878783757589","45.8801336453906","32.5138226814466","0","193.799555228158","3.45646192884426","16.1988322889134","0","22.0928909606791","0","50.7881900228666","10.6725877453585","0","0","63.5121014614305","3","0","45.6541635632275","0","54.1872426370196","0","92","0","0","0"
"109","1","21","4","0.5786","226","122","50","127","40","31","0","260","36","53","24","2477","6","35","104","0","5","32","59","51","18","370","196","2","25","6","0","61.8628318584071","5.62109706289248","25.9887789856689","45.3529652777582","69.9654924309161","20.0571761213004","0","61.2277184174909","2.66527227852215","14.5638464321646","2.66666666666667","15.5761605803624","1.5","50.3846153846154","17.1951483890927","0","130.6","23.7473960240494","22.1826720444019","40.0089278285277","7.80375623077444","45.1010749555839","42.8870778134716","45.5","74.7142857142857","0","0","0"
"110","1","23","4","3.0946","170","27","0","0","49","25","0","146","1","63","2","2482","2","12","2","0","189","0","0","11","0","0","107","10","2","39","0","204.717647058824","21.1231017365084","0","0","187.729944022255","13.2577998219385","0","2","1.90449858130625","16.0340310010942","0","30.1942674939832","0","30","0","0","9.87773447914315","0","0","56.4068232955316","0","0","43.8645386940851","38.4444444444444","0","32.5454545454545","0","1"
"111","1","26","5","0.5352","288","127","0","4","6","55","0","143","5","32","0","652","8","29","11","0","0","2","23","2","0","0","41","40","2","18","0","117.864583333333","41.1152566130482","0","0","0","20.7045686061413","0","90.8745035368181","4.69535318398655","22.0771663039284","0","13.3460407001717","0","54.3228907540859","12","0","0","14","29.024036842606","18","0","0","39.9510035292389","110.347557170482","0","0","0","1"
"112","2","21","4","-0.5453","78","476","0","7","42","111","0","1","41","201","37","2874","7","40","73","0","0","27","700","174","28","13","242","0","40","1408","0","1.5","16.1803073660644","0","5.49001223711334","56.312989406714","16.6917811060836","0","4","3.52747566634207","23.5943085655481","84.3220911408225","38.7740410776669","29.6","55.8834236347856","6.56000721286263","0","0","49.9717426663982","50.4874326907764","41.6974300490255","40.8645364662618","38.5360598515089","38.0118730947853","0","59.0637343369897","42.969062300567","0","1"
"113","1","25","5","1.2022","173","1041","0","30","63","116","4","6","737","141","19","1919","4","18","382","0","9","0","12","26","50","0","240","205","14","872","0","53.5317919075145","5.03909163889543","0","89.0072063578148","50.3136422492295","18.6247320781336","0","0","3.04062305322346","8.10243092842466","35.6537913016466","14.6978127925836","0","37.025066695892","7.05241931919547","0","273.865470646262","0","0.75","46.6348003404506","10.4214835754341","0","30.4098625096632","37.5995564196877","18.9372873962633","44.4660182293028","0","1"
"114","2","19","4","0.592","71","208","0","88","62","130","0","26","19","132","15","1591","2","52","123","0","0","0","159","34","1","38","505","104","17","1351","2","0","18.0744017831159","0","1148.88536472953","91.0965658708379","24.2111732460454","0","124.201592420395","4.75273527853768","26.1372614482535","98.6462596468376","53.2678023332687","0","46.500555486798","15.2366109432801","0","0","0","17.8800475596068","61.161385244401","21","49.2000314826418","48.3991485930356","69.0891000030739","35.2978138480434","73.1344101360481","0","1"
"115","1","21","4","0.6111","44","399","3","653","71","358","0","96","92","200","27","633","104","89","26","3","50","10","216","23","4","1","450","290","32","2282","0","23.5","18.3616723351027","12","70.5852451516176","58.7322231763823","14.4378036873723","0","158.668873649906","3.54565223109203","18.0532991083271","32.9267535890706","37.9998678480372","67.1204282736087","62.8630205237941","1.91333654550521","88","55.7361012258725","55","97.5930270060116","51.4","12.3133543232651","136","62.1743913124776","19.8694081250933","5","75.9929547463753","0","0"
"116","1","18","4","1.4207","318","751","45","765","294","925","18","21","89","94","14","2775","46","90","249","0","38","19","28","246","0","5","633","2","7","487","0","93.3616352201258","16.6340197170497","62.3656138717078","174.624474208078","72.8730661152298","15.6968374746239","39.4036932771777","117.120318334212","3.75296846631747","19.9257641888245","69","35.4948404046263","29.6347027679927","30.7751800924637","21.2167605847909","0","48.5834844455894","193.453795112958","30.7600245264698","48.1439514643317","0","54.6666666666667","55.6841576680443","0","4","45.1798677665413","0","1"
"117","1","27","5","1.368","134","886","0","13","44","130","0","191","16","2","512","1307","7","63","25","0","0","33","9","2","1","384","875","23","10","127","0","68.0522388059701","3.88892254207402","0","254.333333333333","132.029938415947","20.7460526274169","0","82.9471758101011","2.92523597865901","53","33.4021218154886","11.257619202804","82","39.7155664836451","10.6533495270498","0","0","36.4191126765442","65","0","14","30.6433431941865","65.1535394316987","17.3","55.8002227423176","13.6018377733542","0","1"
"118","1","23","5","1.3298","31","247","0","185","21","729","0","14","36","459","0","3754","8","0","23","0","0","19","30","0","38","0","468","99","30","10","0","0","11.2250171768691","0","64.6922338731609","38.4444444444444","9.05799337158024","0","24","2.52480991578425","27.5085879179505","0","50.7828785128855","0","0","6.34589065663631","0","0","27.7818536601826","47.4080371096275","0","22.6816821947503","0","66.5670454170264","5.01798227679874","23.8640364083808","0","0","0"
"119","2","40","4","1.5039","149","83","0","0","39","39","0","0","7","66","0","620","10","48","3","0","6","7","0","47","27","5","62","0","4","0","0","37.2818791946309","23.0116153367314","0","0","800.921008378061","32.655289347958","0","0","4.81505802168736","27.4520274568101","0","71.8421341714537","552.5","134.367537166631","34","0","6.65334817433166","117.571428571429","0","100.360241297214","19.6000353224909","16","156.074907933184","0","0","0","0","1"
"120","2","22","4","0.8666","305","129","0","83","0","68","0","4","5","64","0","1650","2","17","41","0","2","0","11","72","0","2","294","0","40","6","0","80.3311475409836","15.1663671221322","0","215.99432436654","0","19.8722434063129","0","0","2.42614319176472","17.2483817477852","0","32.133460660555","0","67.3894025523274","28.3822876976685","0","93","0","87","50.2362830910092","0","0","123.434013388737","0","490.832947112738","0","0","1"
"121","2","19","4","0.9547","627","1137","359","519","98","256","0","21","763","507","111","6092","43","47","87","35","4","112","10","210","0","0","659","9","17","2080","0","113.188197767145","3.25891976000833","22.1787792734636","118.901202723305","89.5399164934853","12.3469188405742","0","2","2.11883523322424","6.46908201168377","45.3205994961835","19.6743015730607","38.9236132643042","53.4614403237077","10.2852181091888","3.66074731498252","5.97003341134764","24.2888402907863","70.8","37.6672435252146","0","0","59.3989106661915","12.6167210977951","39.4","101.118180579922","0","0"
"122","2","23","4","0.9769","176","246","0","30","31","65","0","15","7","42","1","1493","14","31","196","48","0","1","20","78","0","0","274","120","19","879","0","43.5795454545455","11.6916549519612","0","350.637954393056","191.689839841656","15.3575124528075","0","4","3.78809739370455","43.7779238554602","0","24.3839781053845","23.8428772673416","53.8455487446409","14.2758747458229","4.65543038641333","0","27","0","47.5528035446266","0","0","54.0818843901949","6.09459366009091","20.2400511819492","46.9481330763828","0","0"
"123","2","32","5","0.8407","1172","33","0","0","0","364","0","0","20","49","0","1448","0","0","3","0","0","10","0","0","73","0","185","0","7","0","0","87.0068259385665","12.8052401278984","0","0","0","4.37365590382866","0","0","8.54648254109792","19.3600517686466","0","5.06019566718779","0","0","3","0","0","93.9089976778184","0","0","10.4924769003343","0","153.897161955414","0","28","0","0","1"
"124","1","41","4","0.8845","1001","94","0","10","4","146","0","11","9","11","0","2136","4","116","57","0","0","10","0","4","0","0","12","0","16","10","0","96.3466533466533","18.2545405294677","0","0","0","25.9006102595666","0","80","3.54669373034555","10.5454545454545","0","28.5896408291353","0","36.9887602553022","30.5767766045672","0","0","0","0","0","0","0","10.4700334113476","0","0","0","0","1"
"125","2","25","4","-0.0122","275","283","0","15","30","37","0","12","3","135","0","2427","10","56","22","0","0","1","0","0","0","0","194","0","13","164","0","247.490909090909","15.3373430180715","0","430.81132531679","163.298244222451","23.0985278490787","0","0","2.90839851001781","35.5087805445084","0","39.3615261836976","2","51.4392482597034","3.88202135325958","0","0","144","0","0","0","0","80.023738099319","0","24.7200263550611","66.0555051230195","0","0"
"126","2","25","5","0.5943","461","195","47","0","22","118","0","8","22","425","0","3071","34","140","87","54","33","13","26","165","22","0","496","26","4","122","0","75.1258134490239","20.6776765695348","13.3579720109422","0","70.2192849230431","25.3782365698481","0","0","2.79753924290345","11.7019754202774","0","18.4173931574395","38.9467247357041","38.783392619482","22.7549129217808","2","25.6522394201347","52.1419676751074","16.1619260282135","38.1585502448807","30.3889520629521","0","56.5536553885866","39.0246141194847","0","52.7681697647966","0","1"
"127","2","19","4","0.2617","221","186","13","116","52","55","0","13","11","73","25","1329","3","26","33","0","0","5","0","40","0","0","287","0","34","416","0","135.316742081448","23.8018028702715","41.2727272727273","269.771305155882","421.055246418502","24.1770280206647","0","35.8801336453906","3.9508366794912","23.0465896470809","46.9358525075251","37.2340034636974","11","121.845647376584","11.7150359894835","0","0","48.6","0","68.7365166252941","0","0","73.2726104713104","0","151.875","99.0460517048819","0","1"
"128","2","19","4","1.8813","75","201","0","440","6","424","0","0","18","185","0","3694","75","10","30","0","55","7","0","197","8","0","655","0","15","0","0","6.58666666666667","19.1947017146649","0","114.796537648557","0","21.5022286560706","0","0","2.78114822487037","18.5755216593386","0","32.4333916518882","19.2516786408842","62.2830194979701","10.2938626058429","0","83.1312922819601","7.58401943755716","0","36.6790536501781","4.1880143080078","0","76.3304554471166","0","37.9508157976409","0","0","1"
"129","2","19","4","0.5735","138","218","0","0","111","104","65","4","102","182","29","1491","73","44","27","0","0","32","16","1","0","0","544","17","5","819","0","60.6666666666667","8.63137113509056","0","0","17.7162468357961","22.0879800831899","85.6433745868066","0","3.84028389301881","20.4099783454616","39.9974873495921","51.876866928007","49.7386770333344","51.1413543312894","26","0","0","59.909352404403","59.4721508539857","0","0","0","71.8461914646959","176.540428936069","0","48.5881597074745","0","0"
"130","2","23","5","1.2624","260","455","4","32","76","312","1","5","78","48","73","3561","28","95","71","0","2","2","47","207","2","0","322","234","0","471","5","63.2615384615385","15.6256980237338","10","67.0962262575582","22.5154115325578","14.3011956820285","4","12","2","18.9920396934927","26.3702904566806","13.1931415804869","39.7550620391351","59.7877323060564","5.37470973440692","0","218","32","13.9045531213407","21.5463622769266","0","0","29.3739652857871","8.9664345330148","0","36.9458768309328","62.0801593546342","1"
"131","2","22","4","-0.0995","915","116","0","0","2","54","0","6","41","137","0","2598","4","47","7","0","0","35","0","0","0","0","253","0","10","358","0","84.3300546448087","25.5380823745817","0","0","0","27.5970953696701","0","0","3.65164728367068","53.0300177457174","0","20.0772417685609","0","80.2031643338108","37.2","0","0","81.3088656506451","0","0","0","0","92.0031975480047","0","14.933412555297","75.531420701632","0","0"
"132","2","18","4","1.2295","199","609","9","285","406","387","0","11","388","99","0","1874","114","58","186","0","56","34","0","108","17","0","224","0","16","374","0","174.869346733668","6.6812020523512","46.8571428571429","198.61136475217","7.67841954306457","13.1438446111316","0","47.9267426606795","3.33468101508194","16.0971030765798","0","25.5467328094637","17.1391709826476","46.4925045633634","7.7249465835215","0","22.2780829960086","50.114547001672","0","35.0257120321512","31.9500188533068","0","55.9533654780484","0","44.5900850353703","91.7156388452929","0","1"
"133","2","22","5","0.3392","42","614","0","3","65","46","18","9","17","119","0","3144","0","39","158","0","8","1","0","59","76","22","182","0","0","1856","0","341.5","20.8424797008166","0","148","52.1779307996216","16.1533406973267","72.3114658148922","75.6666666666667","4.84627381650674","39.6259162155619","0","38.1043404821032","0","49.6964923025119","9.07486402390187","0","39.3333333333333","82","0","55.8975611316325","31.25446223303","42.4166666666667","71.4638707736121","0","0","52.6005524632897","0","0"
"134","1","27","5","1.3344","237","308","110","51","24","325","0","246","53","141","21","3921","23","287","67","0","25","6","52","88","35","0","410","503","12","67","0","82.0970464135021","18.9731076966559","40.0804489219576","55.1027710182059","148.401652496902","25.2156078798421","0","111.652355745389","3.53682376371005","18.787181422868","21.8","36.0012073836463","27.4615384615385","45.5052540244094","32.5631995115372","0","306.6","93.1666666666667","66.1567936908042","30.2502867694477","26.1168473371468","0","71.3100588936755","38.8251631845275","45.9429262105751","59.9433375804322","0","0"
"135","2","22","4","2.4032","203","145","0","89","41","49","0","0","1673","141","0","1471","2","20","7","0","0","0","0","8","6","0","124","0","4","126","0","54.6305418719212","15.6300519237617","0","382.617755547103","74.1615469765067","27.1877379487144","0","0","2.31136862567061","27.002368615287","0","31.2125427330552","0","5.48002444446452","73","0","0","0","0","72.1666666666667","7.33333333333333","0","107.57141947601","0","0","58.3801031462651","0","0"
"136","2","26","5","0.0797","49","104","0","7","13","45","0","49","40","23","66","541","10","27","20","0","0","0","9","44","1","0","26","11","14","48","0","0","11.2519594308212","0","63.4669046904715","64","36.5325365120459","0","97.7410085110662","5.06594979498292","25.0247894466915","39.9962210011287","34.3109282134903","0","61.8987776405934","16.2600311588106","0","0","0","5.98002227423176","52.0453861296956","17","0","40.2477580525644","24","0","27.3624011799031","0","1"
"137","1","27","5","0.3734","874","369","37","2","132","161","0","532","92","58","26","3803","145","97","326","0","14","1","0","74","21","0","432","34","20","318","0","154.132723112128","10.3736549117988","32.2366817394237","127","164.026709958589","14.2065311804938","0","91.4364772162276","3.78393657463432","20.449635293715","45.4895589221958","18.3167966288607","16.1233614559007","57.3791929389414","19.23137196793","0","66.6655085016236","18","0","41.5835337993783","11.1928823735615","0","72.4528375442058","26.6464657191036","113.352300756766","79.2856082410852","0","1"